Movie Rank,Movie Name,Year of Release,IMDB Rating
1,The Godfather,1972,9.2
2,T�ky� monogatari,1953,8.1
3,Shichinin no samurai,1954,8.6
4,The Godfather Part II,1974,9
5,Casablanca,1942,8.5
6,Citizen Kane,1941,8.3
7,Lawrence of Arabia,1962,8.3
8,12 Angry Men,1957,9
9,Sunset Blvd.,1950,8.4
10,Shoah,1985,8.7
11,Ordet,1955,8.2
12,All About Eve,1950,8.2
13,Dekalog,1989�1990,8.9
14,Pulp Fiction,1994,8.9
15,City Lights,1931,8.5
16,Ugetsu monogatari,1953,8.2
17,Singin' in the Rain,1952,8.3
18,Schindler's List,1993,9
19,Les quatre cents coups,1959,8.1
20,Goodfellas,1990,8.7
21,Les enfants du paradis,1945,8.3
22,Modern Times,1936,8.5
23,Psycho,1960,8.5
24,One Flew Over the Cuckoo's Nest,1975,8.7
25,M - Eine Stadt sucht einen M�rder,1931,8.3
26,The Third Man,1949,8.1
27,Hotaru no haka,1988,8.5
28,Dr. Strangelove or: How I Learned to Stop Worrying and Love the Bomb,1964,8.4
29,Pather Panchali,1955,8.2
30,Rear Window,1954,8.5
31,Rash�mon,1950,8.2
32,Apocalypse Now,1979,8.4
33,Nuit et brouillard,1956,8.6
34,La passion de Jeanne d'Arc,1928,8.1
35,La r�gle du jeu,1939,7.9
36,Ladri di biciclette,1948,8.3
37,Ikiru,1952,8.3
38,Sansh� day�,1954,8.4
39,Apur Sansar,1959,8.5
40,"Il buono, il brutto, il cattivo",1966,8.8
41,Sherlock Jr.,1924,8.2
42,The Wizard of Oz,1939,8.1
43,Taxi Driver,1976,8.2
44,Kes,1969,7.9
45,La battaglia di Algeri,1966,8.1
46,Chinatown,1974,8.1
47,Un condamn� � mort s'est �chapp� ou Le vent souffle o� il veut,1956,8.2
48,Metropolis,1927,8.3
49,North by Northwest,1959,8.3
50,La Grande Illusion,1937,8.1
51,Greed,1924,8
52,Fanny och Alexander,1982,8.1
53,Make Way for Tomorrow,1937,8.2
54,Kind Hearts and Coronets,1949,8
55,Suna no onna,1964,8.5
56,Ran,1985,8.2
57,Andrei Rublev,1966,8.1
58,Il sorpasso,1962,8.2
59,Zerkalo,1975,8
60,The Treasure of the Sierra Madre,1948,8.2
61,Banshun,1949,8.2
62,Sen to Chihiro no kamikakushi,2001,8.6
63,Some Like It Hot,1959,8.2
64,Vertigo,1958,8.3
65,Paths of Glory,1957,8.4
66,Guling jie shaonian sharen shijian,1991,8.2
67,Bei qing cheng shi,1989,7.8
68,Double Indemnity,1944,8.3
69,Das Cabinet des Dr. Caligari,1920,8
70,Le salaire de la peur,1953,8.2
71,La maman et la putain,1973,7.8
72,La dolce vita,1960,8
73,Stop Making Sense,1984,8.7
74,One More Time with Feeling,2016,8.2
75,Angst essen Seele auf,1974,8
76,A Trip to the Moon,1902,8.2
77,Toy Story 3,2010,8.3
78,Jodaeiye Nader az Simin,2011,8.3
79,It's a Wonderful Life,1946,8.6
80,On the Waterfront,1954,8.1
81,The Maltese Falcon,1941,8
82,Il gattopardo,1963,7.9
83,Roma citt� aperta,1945,8
84, Century of Cinema,1995�1998,8.5
85,Det sjunde inseglet,1957,8.1
86,The Wind,1928,8
87,Y�jinb�,1961,8.2
88,The Gold Rush,1925,8.1
89,Le chagrin et la piti�,1969,8.2
90,Marketa Lazarov�,1967,7.9
91,The Farewell,I) (2019,7.5
92,The Great Dictator,1940,8.4
93,The Life and Death of Colonel Blimp,1943,8
94,Voyna i mir,1965,8.3
95,The Philadelphia Story,1940,7.9
96,Sunrise: A Song of Two Humans,1927,8.1
97,Chelovek s kino-apparatom,1929,8.3
98,Raiders of the Lost Ark,1981,8.4
99,Orph�e,1950,7.9
100,Heimat - Eine Chronik in elf Teilen,1984,8.6
101,"Aguirre, der Zorn Gottes",1972,7.8
102,They Shall Not Grow Old,II) (2018,8.2
103,The House is Black,1963,7.8
104,The Night of the Hunter,1955,8
105,Au hasard Balthazar,1966,7.8
106,"Steamboat Bill, Jr.",1928,7.8
107,Ivanovo detstvo,1962,8
108,Jalsaghar,1958,7.9
109,The Shop on Main Street,1965,8.2
110,Trois couleurs: Rouge,1994,8.1
111,Hoop Dreams,1994,8.3
112,Rebecca,1940,8.1
113,It's Such a Beautiful Day,2012,8.2
114,Smultronst�llet,1957,8.1
115,A Matter of Life and Death,1946,8
116,Charulata,1964,8.1
117,Il conformista,1970,7.9
118,Playtime,1967,7.8
119,The Big Parade,1925,7.9
120,Le trou,1960,8.5
121,Das Boot,1981,8.4
122,Umberto D.,1952,8.2
123,Inside Out,I) (2015,8.1
124,The Army of Shadows,1969,8.1
125,Monty Python and the Holy Grail,1975,8.2
126,Spider-Man: Into the Spider-Verse,2018,8.4
127,Au revoir les enfants,1987,8
128,The Last Picture Show,1971,8
129,Kumonosu-j�,1957,8.1
130,Hiroshima mon amour,1959,7.8
131,The Kid,1921,8.2
132,The General,1926,8.1
133,Apollo 11,I) (2019,8.1
134,Cool Hand Luke,1967,8.1
135,Le notti di Cabiria,1957,8.1
136,El �ngel exterminador,1962,8
137,Bronenosets Potemkin,1925,7.9
138,Stalker,1979,8.1
139,Der letzte Mann,1924,8
140,The Cameraman,1928,8
141,S�t�ntang�,1994,8.2
142,Annie Hall,1977,8
143,Touch of Evil,1958,8
144,The Searchers,1956,7.8
145,8�,1963,8
146,The Grapes of Wrath,1940,8.1
147,Un chien andalou,1929,7.6
148,The Dark Knight,2008,9
149,Bride of Frankenstein,1935,7.8
150,Once Upon a Time in the West,1968,8.5
151,The Bridge on the River Kwai,1957,8.1
152,La meglio giovent�,2003,8.5
153,All Quiet on the Western Front,1930,8.1
154,La strada,1954,8
155,L'Atalante,1934,7.7
156,Spotlight,I) (2015,8.1
157,The Red Shoes,1948,8.1
158,Sweet Smell of Success,1957,8
159,The Heiress,1949,8.1
160,Early Summer,1951,8.1
161,Witness for the Prosecution,1957,8.4
162,The Crowd,1928,8.1
163,12 Years a Slave,2013,8.1
164,The Apartment,1960,8.3
165,Nosferatu,1922,7.9
166,His Girl Friday,1940,7.8
167,"Out 1, noli me tangere",1971,7.5
168,Boyhood,I) (2014,7.9
169,Manbiki kazoku,2018,7.9
170,28 Up,1984 TV Movie,8.2
171,Notorious,1946,7.9
172,K�rkarlen,1921,8
173,Harlan County U.S.A.,1976,8.2
174,Napol�on vu par Abel Gance,1927,8.2
175,Jaws,1975,8.1
176,Whiplash,2014,8.5
177,Stagecoach,1939,7.8
178,Idi i smotri,1985,8.4
179,Pan's Labyrinth,2006,8.2
180,Le Samoura�,1967,8
181,El esp�ritu de la colmena,1973,7.8
182,Viridiana,1961,8.1
183,Jeux interdits,1952,8
184,Saikaku ichidai onna,1952,8.1
185,Laura,1944,7.9
186,The Best Years of Our Lives,1946,8.1
187,Holiday,1938,7.7
188,� bout de souffle,1960,7.7
189,Tanpopo,1985,7.9
190,Werckmeister harm�ni�k,2000,8
191,S�som i en spegel,1961,7.9
192,Edvard Munch,1974 TV Movie,8.2
193,Duck Soup,1933,7.7
194,Jules et Jim,1962,7.7
195,Badlands,1973,7.7
196,The Thin Man,1934,7.9
197,"Jeanne Dielman, 23 quai du Commerce, 1080 Bruxelles",1975,7.5
198,El sur,1983,7.8
199,Rio Bravo,1959,8
200,Sullivan's Travels,1941,7.9
201,2001: A Space Odyssey,1968,8.3
202,Toy Story 4,2019,7.7
203,The Last Waltz,1978,8.1
204,Gion bayashi,1953,7.6
205,Strangers on a Train,1951,7.9
206,The Hustler,1961,8
207,Shadow of a Doubt,1943,7.8
208,WALL�E,2008,8.4
209,Rosemary's Baby,1968,8
210,White Heat,1949,8.1
211,Dead Souls,2018,8
212,Pel�sky,1999,8.1
213,The Wild Bunch,1969,7.9
214,L'avventura,1960,7.7
215,Dip huet seung hung,1989,7.8
216,Madame de...,1953,7.9
217,Amazing Grace,2018,7.5
218,A Streetcar Named Desire,1951,7.9
219,Black Narcissus,1947,7.7
220,Vredens dag,1943,8.1
221,The Lives of Others,2006,8.4
222,Campanadas a medianoche,1965,7.6
223,The Train,1964,7.8
224,Sciusci�,1946,8
225,Visages villages,2017,7.8
226,Kakushi-toride no san-akunin,1958,8.1
227,Sanjuro,1962,8
228,The Other Side of the Mirror: Bob Dylan at the Newport Folk Festival,2007 TV Movie,8.1
229,Persona,1966,8.1
230,Aparajito,1956,8.2
231,Top Hat,1935,7.7
232,The Lady Eve,1941,7.7
233,Safety Last!,1923,8.1
234,Dont Look Back,1967,7.9
235,Yi yi,2000,8.1
236,The Shawshank Redemption,1994,9.3
237,Out of the Past,1947,8
238,To Be or Not to Be,1942,8.1
239,Xiao cheng zhi chun,1948,7.3
240,The Right Stuff,1983,7.8
241,Cr�a cuervos,1976,7.9
242,Ballada o soldate,1959,8.2
243,Agantuk,1991,8
244,It Happened One Night,1934,8.1
245,Brazil,1985,7.9
246,The Navigator,1924,7.6
247,In a Lonely Place,1950,7.9
248,Mad Max: Fury Road,2015,8.1
249,Anatomy of a Murder,1959,8
250,The Shop Around the Corner,1940,8
251,Paddington 2,2017,7.8
252,An Autumn Afternoon,1962,8
253,Withnail & I,1987,7.5
254,The Unknown,1927,7.7
255,Call Me by Your Name,2017,7.8
256,High Noon,1952,8
257,Les diaboliques,1955,8.1
258,A Night at the Opera,1935,7.8
259,Pickpocket,1959,7.6
260,La jet�e,1962,8.2
261,Berlin Alexanderplatz,1980,8.4
262,Pyaasa,1957,8.3
263,La nuit am�ricaine,1973,8
264,Ratatouille,2007,8.1
265,Love Me Tonight,1932,7.5
266,Scener ur ett �ktenskap,1974,8.3
267,The Social Network,2010,7.8
268,Night of the Living Dead,1968,7.8
269,Our Hospitality,1923,7.8
270,Red River,1948,7.8
271,Repulsion,1965,7.6
272,Kaguya-hime no monogatari,2013,8
273,Onna ga kaidan wo agaru toki,1960,8.1
274,The Lord of the Rings: The Two Towers,2002,8.8
275,The God of Day Had Gone Down Upon Him,2000,7.7
276,L'albero degli zoccoli,1978,7.8
277,Seven Chances,1925,7.8
278,Star Wars,1977,8.6
279,Coco,I) (2017,8.4
280,Star Wars: Episode V - The Empire Strikes Back,1980,8.7
281,Salesman,1969,7.7
282,The Silence of the Lambs,1991,8.6
283,Toy Story,1995,8.3
284,Seppuku,1962,8.6
285,Vuelven,2017,6.9
286,Los olvidados,1950,8.2
287,Babettes g�stebud,1987,7.8
288,The Artist,I) (2011,7.9
289,The Sweet Hereafter,1997,7.5
290,The Killing,1956,7.9
291,My Darling Clementine,1946,7.7
292,Avengers: Endgame,2019,8.4
293,Tonari no Totoro,1988,8.1
294,Trois couleurs: Bleu,1993,7.9
295,Gold Diggers of 1933,1933,7.7
296,Song of the Sea,2014,8
297,I vitelloni,1953,7.8
298,Letter from an Unknown Woman,1948,7.9
299,Tower,2016,7.9
300,Kimi no na wa.,2016,8.4
301,The Story of the Last Chrysanthemums,1939,7.8
302,Nashville,1975,7.6
303,And Life Goes on...,1992,7.9
304,Gimme Shelter,1970,7.8
305,Miracolo a Milano,1951,7.6
306,Les vacances de Monsieur Hulot,1953,7.3
307,The Circus,1928,8.1
308,Le charme discret de la bourgeoisie,1972,7.8
309,Gangs of Wasseypur,2012,8.2
310,Cet obscur objet du d�sir,1977,7.8
311,O Drakos,1956,7.9
312,Gravity,2013,7.7
313,Before Midnight,2013,7.9
314,Alien,1979,8.5
315,Nema-ye Nazdik,1990,8.2
316,L.A. Confidential,1997,8.2
317,Short Term 12,2013,7.9
318,Les parapluies de Cherbourg,1964,7.8
319,�l,1953,7.9
320,Moonlight,I) (2016,7.4
321,Il deserto rosso,1964,7.5
322,Emmet Otter's Jug-Band Christmas,1977 TV Movie,8.2
323,The Lord of the Rings: The Return of the King,2003,9
324,7th Heaven,1927,7.6
325,Sans toit ni loi,1985,7.7
326,Room,I) (2015,8.1
327, American Masters,1985� ,8.4
328,Sim�n del desierto,1965,7.9
329,Saving Private Ryan,1998,8.6
330,Aranyer Din Ratri,1970,8.1
331,Aliens,1986,8.4
332,Yang guang can lan de ri zi,1994,8.1
333,The Lord of the Rings: The Fellowship of the Ring,2001,8.9
334,Une femme douce,1969,7.4
335,Al-mummia,1969,7.7
336,The Conversation,1974,7.7
337,Partie de campagne,1946,7.5
338,Bab el hadid,1958,7.5
339,Eighth Grade,2018,7.4
340,Eternal Sunshine of the Spotless Mind,2004,8.3
341,The Man Who Would Be King,1975,7.8
342,Le ballon rouge,1956,8.1
343,Solaris,1972,8
344,Andhadhun,2018,8.2
345,Indagine su un cittadino al di sopra di ogni sospetto,1970,8
346,A Bread Factory: Part Two,2018,6.7
347,Fury,1936,7.8
348,Aladdin,1992,8
349,Persepolis,2007,8
350,Du rififi chez les hommes,1955,8.1
351,La haine,1995,8.1
352,Tini zabutykh predkiv,1965,7.8
353,When We Were Kings,1996,7.9
354,Harry Potter and the Deathly Hallows - Part 2,2011,8.1
355,A Woman Under the Influence,1974,8.1
356,Night Will Fall,2014,8
357,Narayama bushik�,1983,7.8
358,Unforgiven,1992,8.2
359,Le cercle rouge,1970,7.9
360,Amadeus,1984,8.4
361,Aruitemo aruitemo,2008,7.9
362,My Man Godfrey,1936,7.9
363,Akibiyori,1960,7.9
364,The Little Foxes,1941,7.9
365,Back to the Future,1985,8.5
366,Der Himmel �ber Berlin,1987,7.9
367,Raging Bull,1980,8.1
368,Pixote: A Lei do Mais Fraco,1980,7.9
369,"Shin seiki Evangelion Gekij�-ban: Air/Magokoro wo, kimi ni",1997,8.1
370,Back in the U.S.,2002 TV Special,7.9
371,As I Was Moving Ahead Occasionally I Saw Brief Glimpses of Beauty,2000,8.2
372,The Tale,2018,7.2
373,Le m�pris,1963,7.5
374,Swing Time,1936,7.5
375,Im Lauf der Zeit,1976,7.7
376,Nuovo Cinema Paradiso,1988,8.5
377,Z,1969,8.2
378,The Fallen Idol,1948,7.6
379,Vampyr,1932,7.4
380,Cl�o de 5 � 7,1962,7.8
381,Utvandrarna,1971,8
382,Killer of Sheep,1978,7.2
383,Journal d'un cur� de campagne,1951,7.8
384,Ukigusa,1959,7.9
385,Sommarnattens leende,1955,7.7
386,Manchester by the Sea,2016,7.8
387,No Country for Old Men,2007,8.2
388,La Belle et la B�te,1946,7.9
389,The Mortal Storm,1940,7.7
390,Stalag 17,1953,8
391,"4 luni, 3 saptam�ni si 2 zile",2007,7.9
392,Gett,2014,7.7
393,The Manchurian Candidate,1962,7.9
394,The African Queen,1951,7.7
395,The Big Heat,1953,7.9
396,Jean de Florette,1986,8.1
397,I Am a Fugitive from a Chain Gang,1932,8.2
398,Finding Nemo,2003,8.2
399,Up,2009,8.3
400,Reservoir Dogs,1992,8.3
401,La La Land,2016,8
402,The King's Speech,2010,8
403,Ah-ga-ssi,2016,8.1
404,Network,1976,8.1
405,Secrets & Lies,1996,8
406,The Salt of the Earth,2014,8.4
407,The Man Who Shot Liberty Valance,1962,8.1
408,Da hong denglong gaogao gua,1991,8.1
409,Divorzio all'italiana,1961,8
410,Cidade de Deus,2002,8.6
411,H�stsonaten,1978,8.1
412,Germania anno zero,1948,7.8
413,Burden of Dreams,1982,7.9
414,Amour,2012,7.9
415,Shi,2010,7.8
416,Wake in Fright,1971,7.6
417,Bringing Up Baby,1938,7.8
418,Who's Afraid of Virginia Woolf?,1966,8
419,Lacombe Lucien,1974,7.6
420,Before Sunset,2004,8.1
421,Un proph�te,2009,7.8
422,Barry Lyndon,1975,8.1
423,Once Upon a Time in America,1984,8.3
424,Die B�chse der Pandora,1929,7.8
425,Sholay,1975,8.1
426,Obecn� skola,1991,7.8
427,Mission: Impossible - Fallout,2018,7.7
428,Hell or High Water,II) (2016,7.6
429,The Great White Silence,1922,8
430,Histoire(s) du cin�ma,1989�1999,7.2
431,Roma,2018,7.7
432,This Is Spinal Tap,1984,7.9
433,Letyat zhuravli,1957,8.3
434,La ciociara,1960,7.7
435,Memento,2000,8.4
436,Local Hero,1983,7.3
437,The Ox-Bow Incident,1942,8
438,Brief Encounter,1945,8
439,A Bread Factory: Part One,2018,6.8
440,"Three Billboards Outside Ebbing, Missouri",2017,8.1
441,Selma,2014,7.5
442,Do the Right Thing,1989,8
443,The Work,2017,7.8
444,Belle de jour,1967,7.6
445,The 39 Steps,1935,7.6
446,Dog Day Afternoon,1975,8
447,La chienne,1931,7.5
448,Gone with the Wind,1939,8.2
449,Todo sobre mi madre,1999,7.8
450,Mary and Max.,2009,8.1
451,The French Connection,1971,7.7
452,Nagaya shinshiroku,1947,7.7
453,La terra trema,1948,7.8
454,A Patch of Blue,1965,8
455,The Adventures of Robin Hood,1938,7.9
456,Monterey Pop,1968,8
457,The Climb,2019,6.7
458,Dunkirk,2017,7.8
459,Lady Bird,2017,7.4
460,To Kill a Mockingbird,1962,8.3
461,The Innocents,1961,7.8
462,Amarcord,1973,7.8
463,There Will Be Blood,2007,8.2
464,Vals Im Bashir,2008,8
465,The Lion King,1994,8.5
466,Ahlat Agaci,2018,8
467,King Kong,1933,7.9
468,Chikamatsu monogatari,1954,8
469,I compagni,1963,8
470,"Paris, Texas",1984,8.1
471,L�t den r�tte komma in,2008,7.8
472,Her,2013,8
473,Blade Runner,1982,8.1
474,Fargo,1996,8.1
475,Before Sunrise,1995,8.1
476,P�p� le Moko,1937,7.7
477,Kr�tki film o milosci,1988,8.1
478,Tengoku to jigoku,1963,8.4
479,Die Abenteuer des Prinzen Achmed,1926,7.8
480,A Hard Day's Night,1964,7.5
481,Frankenstein,1931,7.8
482,The Pianist,2002,8.5
483,The Little Mermaid,1989,7.6
484,Matewan,1987,7.9
485,Hana-bi,1997,7.7
486,The Grand Budapest Hotel,2014,8.1
487,The Florida Project,2017,7.6
488,L'ann�e derni�re � Marienbad,1961,7.7
489,Ivan Groznyy,1944,7.7
490,Show Boat,1936,7.4
491,Shen nu,1934,7.7
492,The Departed,2006,8.5
493,Leviafan,2014,7.6
494,Kal Hee,1991,7.6
495,Scarface,1932,7.7
496,Captain Blood,1935,7.7
497,The Ladykillers,1955,7.6
498,Welt am Draht,1973,7.7
499,'Breaker' Morant,1980,7.8
500,La kermesse h�ro�que,1935,7.4
501,Get Out,I) (2017,7.8
502,Saul fia,2015,7.4
503,Being There,1979,7.9
504,The Magnificent Ambersons,1942,7.6
505,Inception,2010,8.8
506,Tasogare Seibei,2002,8.1
507,Ruggles of Red Gap,1935,7.6
508,Pais�,1946,7.6
509,Kanal,1957,7.9
510,Marius,1931,7.8
511,"Yuki yukite, shingun",1987,8.2
512,Touchez pas au grisbi,1954,7.7
513,Una giornata particolare,1977,8.1
514,Le roman d'un tricheur,1936,7.6
515,The Deer Hunter,1978,8.1
516,Brother's Keeper,1992,7.5
517,The Big Sick,2017,7.5
518,Almost Famous,2000,7.9
519,Roman Holiday,1953,8
520,"Francesco, giullare di Dio",1950,7.3
521,Bom yeoreum gaeul gyeoul geurigo bom,2003,8
522,Invasion of the Body Snatchers,1956,7.7
523,Patton,1970,7.9
524,The Lavender Hill Mob,1951,7.5
525,Chichi ariki,1942,7.6
526,Tagebuch einer Verlorenen,1929,7.8
527,E.T. the Extra-Terrestrial,1982,7.9
528,The Lost Weekend,1945,7.9
529,Otona no miru ehon - Umarete wa mita keredo,1932,7.9
530,Teen Kanya,1961,7.9
531,Lektionen in Finsternis,1992 TV Movie,8
532,Dom za vesanje,1988,8.1
533,Zootopia,2016,8
534,Ascenseur pour l'�chafaud,1958,7.9
535,The Sting,1973,8.3
536,Freaks,1932,7.8
537,Days of Heaven,1978,7.8
538,I Know Where I'm Going!,1945,7.4
539,The Lady Vanishes,1938,7.7
540,Angels with Dirty Faces,1938,7.9
541,A Night to Remember,1958,7.9
542,Mon oncle d'Am�rique,1980,7.6
543,Darbareye Elly,2009,7.9
544,Went the Day Well?,1942,7.5
545,Avanti Popolo,1986,7.6
546,Le jour se l�ve,1939,7.7
547,Kr�tki film o zabijaniu,1988,8
548,Aleksandr Nevskiy,1938,7.5
549,Brooklyn,2015,7.5
550,Amy,III) (2015,7.8
551,Kubo and the Two Strings,2016,7.7
552,Relatos salvajes,2014,8.1
553,Manhattan,1979,7.8
554,Stage Door,1937,7.7
555,Sleuth,1972,8
556,Trouble in Paradise,1932,7.9
557,Le quai des brumes,1938,7.7
558,Popi�l i diament,1958,7.7
559,Stroszek,1977,7.7
560,Ma vie de Courgette,2016,7.8
561,Dare mo shiranai,2004,8
562,Les yeux sans visage,1960,7.6
563,Tristana,1970,7.4
564,My Left Foot: The Story of Christy Brown,1989,7.8
565,Great Expectations,1946,7.8
566,Nobi,1959,8
567,Ship of Theseus,2012,8
568,All the President's Men,1976,7.9
569,Tirez sur le pianiste,1960,7.4
570,Stachka,1925,7.6
571,Que Horas Ela Volta?,2015,7.7
572,Festen,1998,8
573,Hail the Conquering Hero,1944,7.6
574,Incendies,2010,8.3
575,Rocco e i suoi fratelli,1960,8.2
576,Jungfruk�llan,1960,8
577,Il grande silenzio,1968,7.7
578,Le million,1931,7.3
579,In the Shadow of the Moon,2007,8
580,Spoorloos,1988,7.7
581,Ninotchka,1939,7.8
582,Monsieur Verdoux,1947,7.8
583,This Sporting Life,1963,7.5
584,Deep Water,2006,7.8
585,Beauty and the Beast,1991,8
586,The Scarlet Empress,1934,7.5
587,Argo,2012,7.7
588,Tuntematon sotilas,1955,8
589,Django Unchained,2012,8.5
590,Capharna�m,2018,8.4
591,El abrazo de la serpiente,2015,7.8
592,Searching for Sugar Man,2012,8.2
593,Masculin f�minin,1966,7.4
594,Il vangelo secondo Matteo,1964,7.6
595,Whisky Galore!,1949,7.1
596,Chemi bednieri ojakhi,2017,7.4
597,Magical Girl,2014,7.2
598,Leave No Trace,2018,7.1
599,Fa yeung nin wah,2000,8.1
600,God's Own Country,2017,7.6
601,Trainspotting,1996,8.1
602,Bande � part,1964,7.6
603,The Odd Couple,1968,7.6
604,The Friends of Eddie Coyle,1973,7.4
605,C�sar,1936,7.6
606,Le scaphandre et le papillon,2007,8
607,The Usual Suspects,1995,8.5
608,Plein soleil,1960,7.7
609,Odd Man Out,1947,7.6
610,Medena zemja,2019,8
611,Ball of Fire,1941,7.7
612,The Ghost and Mrs. Muir,1947,7.8
613,Hadaka no shima,1960,8
614,A Star Is Born,2018,7.6
615,Beoning,2018,7.5
616,Mean Streets,1973,7.2
617,Viskningar och rop,1972,8
618,The Tarnished Angels,1957,7.1
619,Hunt for the Wilderpeople,2016,7.8
620,Gui tu lie che,2009,7.6
621,Johnny Guitar,1954,7.6
622,The Lion in Winter,1968,7.9
623,The Palm Beach Story,1942,7.5
624,Deus e o Diabo na Terra do Sol,1964,7.2
625,Pauline � la plage,1983,7.3
626,56 Up,2012,7.9
627,The Princess Bride,1987,8
628,Lagaan: Once Upon a Time in India,2001,8.1
629,The Great Escape,1963,8.2
630,To Have and Have Not,1944,7.8
631,Knife in the Water,1962,7.4
632,Meet Me in St. Louis,1944,7.5
633,The Asphalt Jungle,1950,7.8
634,Le notti bianche,1957,7.8
635,The Straight Story,1999,8
636,Moolaad�,2003,7.6
637,Les plages d'Agn�s,2008,8
638,The Last Command,1928,8
639,Le deuxi�me souffle,1966,7.9
640,Huo zhe,1994,8.3
641,Meshes of the Afternoon,1943,7.8
642,The Dark Knight Rises,2012,8.4
643,The Rider,2017,7.4
644,Pred dozhdot,1994,7.9
645,Grey Gardens,1975,7.5
646,Ace in the Hole,1951,8.1
647,C�line et Julie vont en bateau: Phantom Ladies Over Paris,1974,7.2
648,O Pagador de Promessas,1962,8.3
649,Voskhozhdenie,1977,8.2
650,The Wrestler,2008,7.9
651,Der Untergang,2004,8.2
652,Vozvrashchenie,2003,7.9
653,Peeping Tom,1960,7.6
654,Shane,1953,7.6
655,The Long Goodbye,1973,7.5
656,The Public Enemy,1931,7.6
657,Only Angels Have Wings,1939,7.6
658,Love Streams,1984,7.7
659,En passion,1969,7.6
660,Beau Geste,1939,7.5
661,The Hill,1965,7.9
662,Terminator 2: Judgment Day,1991,8.6
663,Rogers Park,2017,7
664,Captain Phillips,2013,7.8
665,Nostalgia,1983,7.9
666,Once,I) (2007,7.8
667,Jagten,2012,8.3
668,Donnie Darko,2001,8
669,Hearts and Minds,1974,8.2
670,Jeder f�r sich und Gott gegen alle,1974,7.7
671,Hable con ella,2002,7.9
672,Hannah and Her Sisters,1986,7.8
673,Charade,1963,7.8
674,The Killers,1946,7.7
675,Limelight,1952,8
676,Ensayo de un crimen,1955,7.6
677,Blue Velvet,1986,7.7
678,Camille Claudel,1988,7.3
679,Sing Street,2016,7.9
680,Touching the Void,2003,8
681,Mon oncle,1958,7.7
682,Sons of the Desert,1933,7.5
683,Ukigumo,1955,7.6
684,Black Panther,2018,7.3
685,Moonrise Kingdom,2012,7.8
686,Stories We Tell,2012,7.5
687,Timbuktu,2014,7.1
688,Columbus,I) (2017,7.2
689,Young Frankenstein,1974,8
690,Vivre sa vie: Film en douze tableaux,1962,7.8
691,L'eclisse,1962,7.7
692,Ma nuit chez Maud,1969,7.8
693,Le boucher,1970,7.3
694,Les triplettes de Belleville,2003,7.7
695,The Player,1992,7.5
696,Shirkers,2018,7.3
697,I Remember Mama,1948,7.9
698,Le vieil homme et l'enfant,1967,7.6
699,La ronde,1950,7.5
700,I pugni in tasca,1965,7.6
701,Wild River,1960,7.5
702,The Letter,1940,7.5
703,The Terminator,1984,8.1
704,Wo hu cang long,2000,7.9
705,The Prisoner of Zenda,1937,7.6
706,The War Game,1966 TV Movie,8
707,Close Encounters of the Third Kind,1977,7.6
708,Kolja,1996,7.7
709,For All Mankind,1989,8.1
710,Louie Bluie,1985,7.6
711,The Invisible Man,1933,7.6
712,Quai des Orf�vres,1947,7.7
713,Marty,1955,7.7
714,Love and Death,1975,7.7
715,Casque d'or,1952,7.6
716,The Pawnbroker,1964,7.7
717,La historia oficial,1985,7.7
718,Warui yatsu hodo yoku nemuru,1960,8
719,A Raisin in the Sun,1961,8
720,I fidanzati,1963,7.6
721,Kaze no tani no Naushika,1984,8
722,The Man from Earth,2007,7.8
723,Arrival,II) (2016,7.9
724,Mustang,2015,7.6
725,A Clockwork Orange,1971,8.3
726,Mahanagar,1963,8.3
727,It's a Gift,1934,7.1
728,Nybyggarna,1972,8
729,Dallas Buyers Club,2013,7.9
730,Amores perros,2000,8.1
731,Jodorowsky's Dune,2013,8
732,Young Mr. Lincoln,1939,7.5
733,Carlos,2010,7.6
734,Devi,1960,7.7
735,The Search,1948,7.8
736,McCabe & Mrs. Miller,1971,7.6
737,Die Ehe der Maria Braun,1979,7.7
738,Three Identical Strangers,2018,7.6
739,Oci ciornie,1987,7.3
740,The Hurt Locker,2008,7.5
741,"Oslo, 31. august",2011,7.6
742,American Movie,1999,7.8
743,The Killing Fields,1984,7.8
744,Horse Feathers,1932,7.5
745,Fat City,1972,7.3
746,'Round Midnight,1986,7.4
747,C.R.A.Z.Y.,2005,7.8
748,Hold Back the Dawn,1941,7.3
749,El verdugo,1963,7.9
750,Sling Blade,1996,8
751,Mitt liv som hund,1985,7.6
752,Winchester '73,1950,7.6
753,Ju Dou,1990,7.6
754,The Docks of New York,1928,7.5
755,Footlight Parade,1933,7.5
756,Le silence de la mer,1949,7.6
757,Toy Story 2,1999,7.9
758,Paper Moon,1973,8.1
759,Zero Dark Thirty,2012,7.4
760,La vie d'Ad�le,2013,7.7
761,Jiro Dreams of Sushi,2011,7.8
762,Cr�nica de un ni�o solo,1965,7.5
763,Carol,2015,7.2
764,Forooshande,2016,7.7
765,Dinner at Eight,1933,7.5
766,Logan,2017,8.1
767,Weekend,II) (2011,7.6
768,Mommy,I) (2014,8
769,Pina,2011,7.6
770,Taxi,III) (2015,7.3
771,Le genou de Claire,1970,7.5
772,Rebel Without a Cause,1955,7.6
773,Bob le flambeur,1956,7.6
774,Lola,1961,7.5
775,Saturday Night and Sunday Morning,1960,7.5
776,Fukush� suru wa ware ni ari,1979,7.7
777,The Big Sleep,1978,5.7
778,Jakten,1959,7.3
779,Star Wars: Episode VII - The Force Awakens,2015,7.8
780,Guardians of the Galaxy,2014,8
781,The Cloud-Capped Star,1960,7.8
782,The Martian,2015,8
783,Creed,II) (2015,7.6
784,Isle of Dogs,2018,7.8
785,Silver Linings Playbook,2012,7.7
786,Le rayon vert,1986,7.6
787,Slumdog Millionaire,2008,8
788,Nightcrawler,2014,7.8
789,Nelyubov,2017,7.6
790,Der blaue Engel,1930,7.7
791,Jour de f�te,1949,7.2
792,Shanghai Express,1932,7.3
793,Mies vailla menneisyytt�,2002,7.6
794,The Remains of the Day,1993,7.8
795,Ossessione,1943,7.6
796,The Gunfighter,1950,7.7
797,Il posto,1961,7.9
798,Le cousin Jules,1972,7.5
799,Skyfall,2012,7.8
800,Le fant�me de la libert�,1974,7.8
801,Chalard games goeng,2017,7.6
802,L'amour fou,1969,7.4
803,Birdman or (The Unexpected Virtue of Ignorance),2014,7.7
804,Dawn of the Planet of the Apes,2014,7.6
805,Den skyldige,2018,7.5
806,Central do Brasil,1998,8
807,Sita Sings the Blues,2008,7.6
808,Thunder Soul,2010,7.6
809,Little Fugitive,1953,7.5
810,The Chant of Jimmie Blacksmith,1978,7.3
811,Utamaro o meguru gonin no onna,1946,7
812,Hedwig and the Angry Inch,2001,7.7
813,Le doulos,1962,7.7
814,Life Is Sweet,1990,7.4
815,La Belle Noiseuse,1991,7.5
816,Accattone,1961,7.6
817,The Hunchback of Notre Dame,1939,7.8
818,4 aventures de Reinette et Mirabelle,1987,7.5
819,Il generale Della Rovere,1959,7.7
820,Blade Runner 2049,2017,8
821,Sedotta e abbandonata,1964,7.9
822,Baby Driver,2017,7.5
823,The Bourne Ultimatum,2007,8
824,Twenty Feet from Stardom,2013,7.4
825,Say Anything...,1989,7.3
826,Qingshaonian Nuozha,1992,7.5
827,Bad ma ra khahad bord,1999,7.4
828,Rekopis znaleziony w Saragossie,1965,7.8
829,This Happy Breed,1944,7.3
830,Night of the Demon,1957,7.4
831,Proc�s de Jeanne d'Arc,1962,7.4
832,Room at the Top,1958,7.5
833,Lola,1981,7.4
834,Insiang,1976,7.5
835,Nanjing! Nanjing!,2009,7.7
836,Booksmart,2019,7.1
837,A Quiet Place,2018,7.5
838,Moana,I) (2016,7.6
839,Week End,1967,6.9
840,Don't Look Now,1973,7.1
841,Wagon Master,1950,7.1
842,Ida,2013,7.4
843,The Long Good Friday,1980,7.6
844,Koroshi no rakuin,1967,7.2
845,A New Leaf,1971,7.3
846,Maboroshi no hikari,1995,7.5
847,Le mari de la coiffeuse,1990,7.1
848,7 Men from Now,1956,7.4
849,L'image manquante,2013,7.3
850,Key Largo,1948,7.7
851,Adam's Rib,1949,7.4
852,Monsieur Hire,1989,7.5
853,Ansiktet,1958,7.6
854,Gycklarnas afton,1953,7.4
855,Alice in den St�dten,1974,7.9
856,Les vampires,1915,7.3
857,�Que viva M�xico! Da zdravstvuyet Meksika!,1979,7.4
858,Zimna wojna,2018,7.5
859,Monsieur Lazhar,2011,7.5
860,Wadjda,2012,7.5
861,Profondo rosso,1975,7.5
862,The More the Merrier,1943,7.6
863,Man of the West,1958,7.1
864,Project Nim,2011,7.4
865,Phoenix,II) (2014,7.3
866,120 battements par minute,2017,7.4
867,Mafioso,1962,7.6
868,Atlantic City,1980,7.3
869,Gilda,1946,7.6
870,The Band Wagon,1953,7.4
871,Dragon Inn,1967,7.4
872,Sans soleil,1983,7.8
873,Oliver Twist,1948,7.8
874,L'�ge d'or,1930,7.2
875,Incredibles 2,2018,7.6
876,127 Hours,2010,7.5
877,Juno,2007,7.5
878,Beasts of No Nation,2015,7.7
879,Viaggio in Italia,1954,7.3
880,Can You Ever Forgive Me?,2018,7.1
881,Park Row,1952,7.2
882,High Hopes,1988,7.4
883,Inside Llewyn Davis,2013,7.4
884,Aquarius,I) (2016,7.4
885,Bad Day at Black Rock,1955,7.7
886,Fort Apache,1948,7.4
887,� nous la libert�,1931,7.4
888,Zelig,1983,7.7
889,You Only Live Once,1937,7.2
890,El chacal de Nahueltoro,1969,7.6
891,Strategia del ragno,1970,6.9
892,Moneyball,2011,7.6
893,Milk,I) (2008,7.5
894,"Deux jours, une nuit",2014,7.3
895,Foxtrot,II) (2017,7.2
896,Blood Simple,1984,7.5
897,Force of Evil,1948,7.2
898,Never Give a Sucker an Even Break,1941,7
899,La chute de la maison Usher,1928,7.3
900,La guerre est finie,1966,7.3
901,Manila in the Claws of Light,1975,7.8
902,Cameraperson,2016,7.4
903,Goldfinger,1964,7.7
904,Ostre sledovan� vlaky,1966,7.6
905,5 Fingers,1952,7.6
906,Naniwa erej�,1936,7.2
907,True Grit,2010,7.6
908,Nebraska,2013,7.7
909,Diva,1981,7.2
910,Paterson,2016,7.3
911,You Can Count on Me,2000,7.5
912,Kiss Me Deadly,1955,7.5
913,Dead of Night,1945,7.5
914,Westfront 1918: Vier von der Infanterie,1930,7.4
915,The Young One,1960,7.4
916,Ponette,1996,7.5
917,Il postino,1994,7.8
918,'Northwest Passage' (Book I -- Rogers' Rangers),1940,7
919,La tortue rouge,2016,7.5
920,A Touch of Zen,1971,7.5
921,The Bank Dick,1940,7.1
922,The Station Agent,2003,7.6
923,Forbidden Planet,1956,7.5
924,L'enfant sauvage,1970,7.5
925,Le grand amour,1969,7.5
926,Longford,2006 TV Movie,7.5
927,L�olo,1992,7.4
928,Tulitikkutehtaan tytt�,1990,7.5
929,BlacKkKlansman,2018,7.5
930,Hugo,2011,7.5
931,If....,1968,7.4
932,The Draughtsman's Contract,1982,7.2
933,Raining Stones,1993,7.3
934,Entre les murs,2008,7.5
935,Pinocchio,1940,7.5
936,Ah fei jing juen,1990,7.4
937,War for the Planet of the Apes,2017,7.4
938,Suspiria,1977,7.3
939,The Freshman,1925,7.5
940,Sicario,2015,7.7
941,Gokseong,2016,7.4
942,L'argent,1983,7.4
943,Boudu sauv� des eaux,1932,7.2
944,Baby Doll,1956,7.3
945,The Lusty Men,1952,7.3
946,Criss Cross,1949,7.4
947,Snow White and the Seven Dwarfs,1937,7.6
948,If Beale Street Could Talk,2018,7.1
949,Gavagai,2016,6.5
950,Seto Surya,2016,7.1
951,Superman,1978,7.4
952,Battleground,1949,7.4
953,Looper,2012,7.4
954,Lu bian ye can,2015,7.3
955,Les perles de la couronne,1937,6.9
956,Shaun the Sheep Movie,2015,7.3
957,Starred Up,2013,7.3
958,Krisha,2015,7.1
959,Le amiche,1955,7.1
960,Heidi,2015,7.4
961,Toni Erdmann,2016,7.3
962,Sweet Sixteen,I) (2002,7.4
963,Mudbound,2017,7.4
964,Picnic at Hanging Rock,1975,7.4
965,A Room with a View,1985,7.2
966,The Regeneration,1915,6.8
967,The Chronicle History of King Henry the Fifth with His Battell Fought at Agincourt in France,1944,7
968,On Dangerous Ground,1951,7.2
969,Salvatore Giuliano,1962,7.3
970,La femme du boulanger,1938,7.5
971,American Graffiti,1973,7.4
972,La Telenovela Errante,2017,6.5
973,P'tit Quinquin,2014,7.3
974,Point Blank,1967,7.3
975,Le carrosse d'or,1952,7
976,San zimei,2012,7.3
977,American Hustle,2013,7.2
978,Bacalaureat,2016,7.3
979,Ashug-Karibi,1988,7.2
980,Lucky,I) (2017,7.3
981,Cinderella,1950,7.3
982,Az �n XX. sz�zadom,1989,7.1
983,Morocco,1930,7
984,The Death of Stalin,2017,7.2
985,Animal Kingdom,2010,7.2
986,Housekeeping,1987,7.1
987,The Tall T,1957,7.3
988,45 Years,2015,7.1
989,Ilo Ilo,2013,7.2
990,Sobache serdtse,1988 TV Movie,8.6
991,Shazam!,2019,7
992,Menschen am Sonntag,1930,7.3
993,Heart of a Dog,2015,7
994,Jigokumon,1953,7.1
995,Trudno byt bogom,2013,6.6
996,L'eau froide,1994,7
997,We the Animals,2018,6.9
998,David Holzman's Diary,1967,6.5
999,Moonrise,1948,7
1000,Caught,1949,7
1,Mononoke-hime,1997,8.3
2,3 Idiots,2009,8.4
3,Dangal,2016,8.3
4,Koyaanisqatsi,1982,8.2
5,Full Metal Jacket,1987,8.3
6,Kis Uykusu,2014,8
7,35 Up,1991 TV Movie,8.1
8,Good Will Hunting,1997,8.3
9,El secreto de sus ojos,2009,8.2
10,Rang De Basanti,2006,8.1
11,Bacheha-Ye aseman,1997,8.2
12,The Elephant Man,1980,8.2
13,The Browning Version,1951,8.1
14,Lakposhtha parvaz mikonand,2004,8
15,Hotel Rwanda,2004,8.1
16,How to Train Your Dragon,2010,8.1
17,"Now, Voyager",1942,7.9
18,The Shining,1980,8.4
19,Gone Girl,2014,8.1
20,Salinui chueok,2003,8.1
21,Durak,II) (2014,8
22,Biruma no tategoto,1956,8
23,Stand by Me,1986,8.1
24,American Beauty,1999,8.3
25,The Nightmare Before Christmas,1993,7.9
26,"Monsters, Inc.",2001,8.1
27,The Miracle Worker,1962,8.1
28,Leonard Cohen: Live at the Isle of Wight 1970,2009,8.3
29,C'eravamo tanto amati,1974,8
30,Babam ve Oglum,2005,8.2
31,Life of Brian,1979,8
32,Once Upon a Time in... Hollywood,2019,7.6
33,Elmer Gantry,1960,7.7
34,Intolerance: Love's Struggle Throughout the Ages,1916,7.7
35,Tanin no kao,1966,7.9
36,The Avengers,2012,8
37,The Graduate,1967,8
38,Million Dollar Baby,2004,8.1
39,Mulholland Dr.,2001,7.9
40,No Man's Land,I) (2001,7.9
41,Platoon,1986,8.1
42,Once Were Warriors,1994,7.9
43,Taare Zameen Par,2007,8.3
44,Die Br�cke,1959,8
45,Spartacus,1960,7.9
46,In the Name of the Father,1993,8.1
47,The Truman Show,1998,8.2
48,Hombre mirando al sudeste,1986,7.6
49,Mr. Smith Goes to Washington,1939,8.1
50,Iron Man,2008,7.9
51,Nueve reinas,2000,7.9
52,The Day the Earth Stood Still,1951,7.7
53,What Ever Happened to Baby Jane?,1962,8
54,42 Up,1998 TV Movie,8.2
55,Casino Royale,2006,8
56,The Insider,1999,7.8
57,Cat on a Hot Tin Roof,1958,7.9
58,Of Mice and Men,1939,7.8
59,Green Book,2018,8.2
60,Le Plaisir,1952,7.6
61,Black Swan,2010,8
62,The Quiet Man,1952,7.7
63,Hor�c� ker,2013,7.8
64,Die Nibelungen: Siegfried,1924,8.1
65,Crimes and Misdemeanors,1989,7.8
66,Lat sau san taam,1992,7.7
67,Opening Night,1977,7.9
68,Halloween,1978,7.7
69,Fantasia,1940,7.7
70,Evil Dead II,1987,7.7
71,Victim,1961,7.7
72,Seven Days in May,1964,7.8
73,Le fabuleux destin d'Am�lie Poulain,2001,8.3
74,Kono sekai no katasumi ni,2016,7.8
75,3 Women,1977,7.7
76,Le pass�,2013,7.7
77,Madeo,2009,7.7
78,Bloody Sunday,2002,7.6
79,This Is England,2006,7.7
80,Glory,1989,7.8
81,Twelve O'Clock High,1949,7.7
82,Les demoiselles de Rochefort,1967,7.7
83,After the Thin Man,1936,7.6
84,All That Money Can Buy,1941,7.6
85,Sanatorium pod Klepsydra,1973,7.5
86,Drive,I) (2011,7.8
87,Mishima: A Life in Four Chapters,1985,7.9
88,Le souffle au coeur,1971,7.5
89,"I, Daniel Blake",2016,7.8
90,Auf der anderen Seite,2007,7.7
91,Breaking Away,1979,7.7
92,Kurenai no buta,1992,7.7
93,Wait Until Dark,1967,7.7
94,Mamma Roma,1962,7.8
95,Gun Crazy,1950,7.6
96,The Thief of Bagdad,1924,7.7
97,Lost in Translation,2003,7.7
98,Ying xiong,2002,7.9
99,Sense and Sensibility,1995,7.7
100,Nightmare Alley,1947,7.7
101,Mononoke-hime,1997,8.3
102,3 Idiots,2009,8.4
103,Dangal,2016,8.3
104,Koyaanisqatsi,1982,8.2
105,Full Metal Jacket,1987,8.3
106,Kis Uykusu,2014,8
107,35 Up,1991 TV Movie,8.1
108,Good Will Hunting,1997,8.3
109,El secreto de sus ojos,2009,8.2
110,Rang De Basanti,2006,8.1
111,Bacheha-Ye aseman,1997,8.2
112,The Elephant Man,1980,8.2
113,The Browning Version,1951,8.1
114,Lakposhtha parvaz mikonand,2004,8
115,Hotel Rwanda,2004,8.1
116,How to Train Your Dragon,2010,8.1
117,"Now, Voyager",1942,7.9
118,The Shining,1980,8.4
119,Gone Girl,2014,8.1
120,Salinui chueok,2003,8.1
121,Durak,II) (2014,8
122,Biruma no tategoto,1956,8
123,Stand by Me,1986,8.1
124,American Beauty,1999,8.3
125,The Nightmare Before Christmas,1993,7.9
126,"Monsters, Inc.",2001,8.1
127,The Miracle Worker,1962,8.1
128,Leonard Cohen: Live at the Isle of Wight 1970,2009,8.3
129,C'eravamo tanto amati,1974,8
130,Babam ve Oglum,2005,8.2
131,Life of Brian,1979,8
132,Once Upon a Time in... Hollywood,2019,7.6
133,Elmer Gantry,1960,7.7
134,Intolerance: Love's Struggle Throughout the Ages,1916,7.7
135,Tanin no kao,1966,7.9
136,The Avengers,2012,8
137,The Graduate,1967,8
138,Million Dollar Baby,2004,8.1
139,Mulholland Dr.,2001,7.9
140,No Man's Land,I) (2001,7.9
141,Platoon,1986,8.1
142,Once Were Warriors,1994,7.9
143,Taare Zameen Par,2007,8.3
144,Die Br�cke,1959,8
145,Spartacus,1960,7.9
146,In the Name of the Father,1993,8.1
147,The Truman Show,1998,8.2
148,Hombre mirando al sudeste,1986,7.6
149,Mr. Smith Goes to Washington,1939,8.1
150,Iron Man,2008,7.9
151,Nueve reinas,2000,7.9
152,The Day the Earth Stood Still,1951,7.7
153,What Ever Happened to Baby Jane?,1962,8
154,42 Up,1998 TV Movie,8.2
155,Casino Royale,2006,8
156,The Insider,1999,7.8
157,Cat on a Hot Tin Roof,1958,7.9
158,Of Mice and Men,1939,7.8
159,Green Book,2018,8.2
160,Le Plaisir,1952,7.6
161,Black Swan,2010,8
162,The Quiet Man,1952,7.7
163,Hor�c� ker,2013,7.8
164,Die Nibelungen: Siegfried,1924,8.1
165,Crimes and Misdemeanors,1989,7.8
166,Lat sau san taam,1992,7.7
167,Opening Night,1977,7.9
168,Halloween,1978,7.7
169,Fantasia,1940,7.7
170,Evil Dead II,1987,7.7
171,Victim,1961,7.7
172,Seven Days in May,1964,7.8
173,Le fabuleux destin d'Am�lie Poulain,2001,8.3
174,Kono sekai no katasumi ni,2016,7.8
175,3 Women,1977,7.7
176,Le pass�,2013,7.7
177,Madeo,2009,7.7
178,Bloody Sunday,2002,7.6
179,This Is England,2006,7.7
180,Glory,1989,7.8
181,Twelve O'Clock High,1949,7.7
182,Les demoiselles de Rochefort,1967,7.7
183,After the Thin Man,1936,7.6
184,All That Money Can Buy,1941,7.6
185,Sanatorium pod Klepsydra,1973,7.5
186,Drive,I) (2011,7.8
187,Mishima: A Life in Four Chapters,1985,7.9
188,Le souffle au coeur,1971,7.5
189,"I, Daniel Blake",2016,7.8
190,Auf der anderen Seite,2007,7.7
191,Breaking Away,1979,7.7
192,Kurenai no buta,1992,7.7
193,Wait Until Dark,1967,7.7
194,Mamma Roma,1962,7.8
195,Gun Crazy,1950,7.6
196,The Thief of Bagdad,1924,7.7
197,Lost in Translation,2003,7.7
198,Ying xiong,2002,7.9
199,Sense and Sensibility,1995,7.7
200,Nightmare Alley,1947,7.7
201,Mononoke-hime,1997,8.3
202,3 Idiots,2009,8.4
203,Dangal,2016,8.3
204,Koyaanisqatsi,1982,8.2
205,Full Metal Jacket,1987,8.3
206,Kis Uykusu,2014,8
207,35 Up,1991 TV Movie,8.1
208,Good Will Hunting,1997,8.3
209,El secreto de sus ojos,2009,8.2
210,Rang De Basanti,2006,8.1
211,Bacheha-Ye aseman,1997,8.2
212,The Elephant Man,1980,8.2
213,The Browning Version,1951,8.1
214,Lakposhtha parvaz mikonand,2004,8
215,Hotel Rwanda,2004,8.1
216,How to Train Your Dragon,2010,8.1
217,"Now, Voyager",1942,7.9
218,The Shining,1980,8.4
219,Gone Girl,2014,8.1
220,Salinui chueok,2003,8.1
221,Durak,II) (2014,8
222,Biruma no tategoto,1956,8
223,Stand by Me,1986,8.1
224,American Beauty,1999,8.3
225,The Nightmare Before Christmas,1993,7.9
226,"Monsters, Inc.",2001,8.1
227,The Miracle Worker,1962,8.1
228,Leonard Cohen: Live at the Isle of Wight 1970,2009,8.3
229,C'eravamo tanto amati,1974,8
230,Babam ve Oglum,2005,8.2
231,Life of Brian,1979,8
232,Once Upon a Time in... Hollywood,2019,7.6
233,Elmer Gantry,1960,7.7
234,Intolerance: Love's Struggle Throughout the Ages,1916,7.7
235,Tanin no kao,1966,7.9
236,The Avengers,2012,8
237,The Graduate,1967,8
238,Million Dollar Baby,2004,8.1
239,Mulholland Dr.,2001,7.9
240,No Man's Land,I) (2001,7.9
241,Platoon,1986,8.1
242,Once Were Warriors,1994,7.9
243,Taare Zameen Par,2007,8.3
244,Die Br�cke,1959,8
245,Spartacus,1960,7.9
246,In the Name of the Father,1993,8.1
247,The Truman Show,1998,8.2
248,Hombre mirando al sudeste,1986,7.6
249,Mr. Smith Goes to Washington,1939,8.1
250,Iron Man,2008,7.9
251,Nueve reinas,2000,7.9
252,The Day the Earth Stood Still,1951,7.7
253,What Ever Happened to Baby Jane?,1962,8
254,42 Up,1998 TV Movie,8.2
255,Casino Royale,2006,8
256,The Insider,1999,7.8
257,Cat on a Hot Tin Roof,1958,7.9
258,Of Mice and Men,1939,7.8
259,Green Book,2018,8.2
260,Le Plaisir,1952,7.6
261,Black Swan,2010,8
262,The Quiet Man,1952,7.7
263,Hor�c� ker,2013,7.8
264,Die Nibelungen: Siegfried,1924,8.1
265,Crimes and Misdemeanors,1989,7.8
266,Lat sau san taam,1992,7.7
267,Opening Night,1977,7.9
268,Halloween,1978,7.7
269,Fantasia,1940,7.7
270,Evil Dead II,1987,7.7
271,Victim,1961,7.7
272,Seven Days in May,1964,7.8
273,Le fabuleux destin d'Am�lie Poulain,2001,8.3
274,Kono sekai no katasumi ni,2016,7.8
275,3 Women,1977,7.7
276,Le pass�,2013,7.7
277,Madeo,2009,7.7
278,Bloody Sunday,2002,7.6
279,This Is England,2006,7.7
280,Glory,1989,7.8
281,Twelve O'Clock High,1949,7.7
282,Les demoiselles de Rochefort,1967,7.7
283,After the Thin Man,1936,7.6
284,All That Money Can Buy,1941,7.6
285,Sanatorium pod Klepsydra,1973,7.5
286,Drive,I) (2011,7.8
287,Mishima: A Life in Four Chapters,1985,7.9
288,Le souffle au coeur,1971,7.5
289,"I, Daniel Blake",2016,7.8
290,Auf der anderen Seite,2007,7.7
291,Breaking Away,1979,7.7
292,Kurenai no buta,1992,7.7
293,Wait Until Dark,1967,7.7
294,Mamma Roma,1962,7.8
295,Gun Crazy,1950,7.6
296,The Thief of Bagdad,1924,7.7
297,Lost in Translation,2003,7.7
298,Ying xiong,2002,7.9
299,Sense and Sensibility,1995,7.7
300,Nightmare Alley,1947,7.7
301,Mononoke-hime,1997,8.3
302,3 Idiots,2009,8.4
303,Dangal,2016,8.3
304,Koyaanisqatsi,1982,8.2
305,Full Metal Jacket,1987,8.3
306,Kis Uykusu,2014,8
307,35 Up,1991 TV Movie,8.1
308,Good Will Hunting,1997,8.3
309,El secreto de sus ojos,2009,8.2
310,Rang De Basanti,2006,8.1
311,Bacheha-Ye aseman,1997,8.2
312,The Elephant Man,1980,8.2
313,The Browning Version,1951,8.1
314,Lakposhtha parvaz mikonand,2004,8
315,Hotel Rwanda,2004,8.1
316,How to Train Your Dragon,2010,8.1
317,"Now, Voyager",1942,7.9
318,The Shining,1980,8.4
319,Gone Girl,2014,8.1
320,Salinui chueok,2003,8.1
321,Durak,II) (2014,8
322,Biruma no tategoto,1956,8
323,Stand by Me,1986,8.1
324,American Beauty,1999,8.3
325,The Nightmare Before Christmas,1993,7.9
326,"Monsters, Inc.",2001,8.1
327,The Miracle Worker,1962,8.1
328,Leonard Cohen: Live at the Isle of Wight 1970,2009,8.3
329,C'eravamo tanto amati,1974,8
330,Babam ve Oglum,2005,8.2
331,Life of Brian,1979,8
332,Once Upon a Time in... Hollywood,2019,7.6
333,Elmer Gantry,1960,7.7
334,Intolerance: Love's Struggle Throughout the Ages,1916,7.7
335,Tanin no kao,1966,7.9
336,The Avengers,2012,8
337,The Graduate,1967,8
338,Million Dollar Baby,2004,8.1
339,Mulholland Dr.,2001,7.9
340,No Man's Land,I) (2001,7.9
341,Platoon,1986,8.1
342,Once Were Warriors,1994,7.9
343,Taare Zameen Par,2007,8.3
344,Die Br�cke,1959,8
345,Spartacus,1960,7.9
346,In the Name of the Father,1993,8.1
347,The Truman Show,1998,8.2
348,Hombre mirando al sudeste,1986,7.6
349,Mr. Smith Goes to Washington,1939,8.1
350,Iron Man,2008,7.9
351,Nueve reinas,2000,7.9
352,The Day the Earth Stood Still,1951,7.7
353,What Ever Happened to Baby Jane?,1962,8
354,42 Up,1998 TV Movie,8.2
355,Casino Royale,2006,8
356,The Insider,1999,7.8
357,Cat on a Hot Tin Roof,1958,7.9
358,Of Mice and Men,1939,7.8
359,Green Book,2018,8.2
360,Le Plaisir,1952,7.6
361,Black Swan,2010,8
362,The Quiet Man,1952,7.7
363,Hor�c� ker,2013,7.8
364,Die Nibelungen: Siegfried,1924,8.1
365,Crimes and Misdemeanors,1989,7.8
366,Lat sau san taam,1992,7.7
367,Opening Night,1977,7.9
368,Halloween,1978,7.7
369,Fantasia,1940,7.7
370,Evil Dead II,1987,7.7
371,Victim,1961,7.7
372,Seven Days in May,1964,7.8
373,Le fabuleux destin d'Am�lie Poulain,2001,8.3
374,Kono sekai no katasumi ni,2016,7.8
375,3 Women,1977,7.7
376,Le pass�,2013,7.7
377,Madeo,2009,7.7
378,Bloody Sunday,2002,7.6
379,This Is England,2006,7.7
380,Glory,1989,7.8
381,Twelve O'Clock High,1949,7.7
382,Les demoiselles de Rochefort,1967,7.7
383,After the Thin Man,1936,7.6
384,All That Money Can Buy,1941,7.6
385,Sanatorium pod Klepsydra,1973,7.5
386,Drive,I) (2011,7.8
387,Mishima: A Life in Four Chapters,1985,7.9
388,Le souffle au coeur,1971,7.5
389,"I, Daniel Blake",2016,7.8
390,Auf der anderen Seite,2007,7.7
391,Breaking Away,1979,7.7
392,Kurenai no buta,1992,7.7
393,Wait Until Dark,1967,7.7
394,Mamma Roma,1962,7.8
395,Gun Crazy,1950,7.6
396,The Thief of Bagdad,1924,7.7
397,Lost in Translation,2003,7.7
398,Ying xiong,2002,7.9
399,Sense and Sensibility,1995,7.7
400,Nightmare Alley,1947,7.7
401,Mononoke-hime,1997,8.3
402,3 Idiots,2009,8.4
403,Dangal,2016,8.3
404,Koyaanisqatsi,1982,8.2
405,Full Metal Jacket,1987,8.3
406,Kis Uykusu,2014,8
407,35 Up,1991 TV Movie,8.1
408,Good Will Hunting,1997,8.3
409,El secreto de sus ojos,2009,8.2
410,Rang De Basanti,2006,8.1
411,Bacheha-Ye aseman,1997,8.2
412,The Elephant Man,1980,8.2
413,The Browning Version,1951,8.1
414,Lakposhtha parvaz mikonand,2004,8
415,Hotel Rwanda,2004,8.1
416,How to Train Your Dragon,2010,8.1
417,"Now, Voyager",1942,7.9
418,The Shining,1980,8.4
419,Gone Girl,2014,8.1
420,Salinui chueok,2003,8.1
421,Durak,II) (2014,8
422,Biruma no tategoto,1956,8
423,Stand by Me,1986,8.1
424,American Beauty,1999,8.3
425,The Nightmare Before Christmas,1993,7.9
426,"Monsters, Inc.",2001,8.1
427,The Miracle Worker,1962,8.1
428,Leonard Cohen: Live at the Isle of Wight 1970,2009,8.3
429,C'eravamo tanto amati,1974,8
430,Babam ve Oglum,2005,8.2
431,Life of Brian,1979,8
432,Once Upon a Time in... Hollywood,2019,7.6
433,Elmer Gantry,1960,7.7
434,Intolerance: Love's Struggle Throughout the Ages,1916,7.7
435,Tanin no kao,1966,7.9
436,The Avengers,2012,8
437,The Graduate,1967,8
438,Million Dollar Baby,2004,8.1
439,Mulholland Dr.,2001,7.9
440,No Man's Land,I) (2001,7.9
441,Platoon,1986,8.1
442,Once Were Warriors,1994,7.9
443,Taare Zameen Par,2007,8.3
444,Die Br�cke,1959,8
445,Spartacus,1960,7.9
446,In the Name of the Father,1993,8.1
447,The Truman Show,1998,8.2
448,Hombre mirando al sudeste,1986,7.6
449,Mr. Smith Goes to Washington,1939,8.1
450,Iron Man,2008,7.9
451,Nueve reinas,2000,7.9
452,The Day the Earth Stood Still,1951,7.7
453,What Ever Happened to Baby Jane?,1962,8
454,42 Up,1998 TV Movie,8.2
455,Casino Royale,2006,8
456,The Insider,1999,7.8
457,Cat on a Hot Tin Roof,1958,7.9
458,Of Mice and Men,1939,7.8
459,Green Book,2018,8.2
460,Le Plaisir,1952,7.6
461,Black Swan,2010,8
462,The Quiet Man,1952,7.7
463,Hor�c� ker,2013,7.8
464,Die Nibelungen: Siegfried,1924,8.1
465,Crimes and Misdemeanors,1989,7.8
466,Lat sau san taam,1992,7.7
467,Opening Night,1977,7.9
468,Halloween,1978,7.7
469,Fantasia,1940,7.7
470,Evil Dead II,1987,7.7
471,Victim,1961,7.7
472,Seven Days in May,1964,7.8
473,Le fabuleux destin d'Am�lie Poulain,2001,8.3
474,Kono sekai no katasumi ni,2016,7.8
475,3 Women,1977,7.7
476,Le pass�,2013,7.7
477,Madeo,2009,7.7
478,Bloody Sunday,2002,7.6
479,This Is England,2006,7.7
480,Glory,1989,7.8
481,Twelve O'Clock High,1949,7.7
482,Les demoiselles de Rochefort,1967,7.7
483,After the Thin Man,1936,7.6
484,All That Money Can Buy,1941,7.6
485,Sanatorium pod Klepsydra,1973,7.5
486,Drive,I) (2011,7.8
487,Mishima: A Life in Four Chapters,1985,7.9
488,Le souffle au coeur,1971,7.5
489,"I, Daniel Blake",2016,7.8
490,Auf der anderen Seite,2007,7.7
491,Breaking Away,1979,7.7
492,Kurenai no buta,1992,7.7
493,Wait Until Dark,1967,7.7
494,Mamma Roma,1962,7.8
495,Gun Crazy,1950,7.6
496,The Thief of Bagdad,1924,7.7
497,Lost in Translation,2003,7.7
498,Ying xiong,2002,7.9
499,Sense and Sensibility,1995,7.7
500,Nightmare Alley,1947,7.7
501,Mononoke-hime,1997,8.3
502,3 Idiots,2009,8.4
503,Dangal,2016,8.3
504,Koyaanisqatsi,1982,8.2
505,Full Metal Jacket,1987,8.3
506,Kis Uykusu,2014,8
507,35 Up,1991 TV Movie,8.1
508,Good Will Hunting,1997,8.3
509,El secreto de sus ojos,2009,8.2
510,Rang De Basanti,2006,8.1
511,Bacheha-Ye aseman,1997,8.2
512,The Elephant Man,1980,8.2
513,The Browning Version,1951,8.1
514,Lakposhtha parvaz mikonand,2004,8
515,Hotel Rwanda,2004,8.1
516,How to Train Your Dragon,2010,8.1
517,"Now, Voyager",1942,7.9
518,The Shining,1980,8.4
519,Gone Girl,2014,8.1
520,Salinui chueok,2003,8.1
521,Durak,II) (2014,8
522,Biruma no tategoto,1956,8
523,Stand by Me,1986,8.1
524,American Beauty,1999,8.3
525,The Nightmare Before Christmas,1993,7.9
526,"Monsters, Inc.",2001,8.1
527,The Miracle Worker,1962,8.1
528,Leonard Cohen: Live at the Isle of Wight 1970,2009,8.3
529,C'eravamo tanto amati,1974,8
530,Babam ve Oglum,2005,8.2
531,Life of Brian,1979,8
532,Once Upon a Time in... Hollywood,2019,7.6
533,Elmer Gantry,1960,7.7
534,Intolerance: Love's Struggle Throughout the Ages,1916,7.7
535,Tanin no kao,1966,7.9
536,The Avengers,2012,8
537,The Graduate,1967,8
538,Million Dollar Baby,2004,8.1
539,Mulholland Dr.,2001,7.9
540,No Man's Land,I) (2001,7.9
541,Platoon,1986,8.1
542,Once Were Warriors,1994,7.9
543,Taare Zameen Par,2007,8.3
544,Die Br�cke,1959,8
545,Spartacus,1960,7.9
546,In the Name of the Father,1993,8.1
547,The Truman Show,1998,8.2
548,Hombre mirando al sudeste,1986,7.6
549,Mr. Smith Goes to Washington,1939,8.1
550,Iron Man,2008,7.9
551,Nueve reinas,2000,7.9
552,The Day the Earth Stood Still,1951,7.7
553,What Ever Happened to Baby Jane?,1962,8
554,42 Up,1998 TV Movie,8.2
555,Casino Royale,2006,8
556,The Insider,1999,7.8
557,Cat on a Hot Tin Roof,1958,7.9
558,Of Mice and Men,1939,7.8
559,Green Book,2018,8.2
560,Le Plaisir,1952,7.6
561,Black Swan,2010,8
562,The Quiet Man,1952,7.7
563,Hor�c� ker,2013,7.8
564,Die Nibelungen: Siegfried,1924,8.1
565,Crimes and Misdemeanors,1989,7.8
566,Lat sau san taam,1992,7.7
567,Opening Night,1977,7.9
568,Halloween,1978,7.7
569,Fantasia,1940,7.7
570,Evil Dead II,1987,7.7
571,Victim,1961,7.7
572,Seven Days in May,1964,7.8
573,Le fabuleux destin d'Am�lie Poulain,2001,8.3
574,Kono sekai no katasumi ni,2016,7.8
575,3 Women,1977,7.7
576,Le pass�,2013,7.7
577,Madeo,2009,7.7
578,Bloody Sunday,2002,7.6
579,This Is England,2006,7.7
580,Glory,1989,7.8
581,Twelve O'Clock High,1949,7.7
582,Les demoiselles de Rochefort,1967,7.7
583,After the Thin Man,1936,7.6
584,All That Money Can Buy,1941,7.6
585,Sanatorium pod Klepsydra,1973,7.5
586,Drive,I) (2011,7.8
587,Mishima: A Life in Four Chapters,1985,7.9
588,Le souffle au coeur,1971,7.5
589,"I, Daniel Blake",2016,7.8
590,Auf der anderen Seite,2007,7.7
591,Breaking Away,1979,7.7
592,Kurenai no buta,1992,7.7
593,Wait Until Dark,1967,7.7
594,Mamma Roma,1962,7.8
595,Gun Crazy,1950,7.6
596,The Thief of Bagdad,1924,7.7
597,Lost in Translation,2003,7.7
598,Ying xiong,2002,7.9
599,Sense and Sensibility,1995,7.7
600,Nightmare Alley,1947,7.7
601,Mononoke-hime,1997,8.3
602,3 Idiots,2009,8.4
603,Dangal,2016,8.3
604,Koyaanisqatsi,1982,8.2
605,Full Metal Jacket,1987,8.3
606,Kis Uykusu,2014,8
607,35 Up,1991 TV Movie,8.1
608,Good Will Hunting,1997,8.3
609,El secreto de sus ojos,2009,8.2
610,Rang De Basanti,2006,8.1
611,Bacheha-Ye aseman,1997,8.2
612,The Elephant Man,1980,8.2
613,The Browning Version,1951,8.1
614,Lakposhtha parvaz mikonand,2004,8
615,Hotel Rwanda,2004,8.1
616,How to Train Your Dragon,2010,8.1
617,"Now, Voyager",1942,7.9
618,The Shining,1980,8.4
619,Gone Girl,2014,8.1
620,Salinui chueok,2003,8.1
621,Durak,II) (2014,8
622,Biruma no tategoto,1956,8
623,Stand by Me,1986,8.1
624,American Beauty,1999,8.3
625,The Nightmare Before Christmas,1993,7.9
626,"Monsters, Inc.",2001,8.1
627,The Miracle Worker,1962,8.1
628,Leonard Cohen: Live at the Isle of Wight 1970,2009,8.3
629,C'eravamo tanto amati,1974,8
630,Babam ve Oglum,2005,8.2
631,Life of Brian,1979,8
632,Once Upon a Time in... Hollywood,2019,7.6
633,Elmer Gantry,1960,7.7
634,Intolerance: Love's Struggle Throughout the Ages,1916,7.7
635,Tanin no kao,1966,7.9
636,The Avengers,2012,8
637,The Graduate,1967,8
638,Million Dollar Baby,2004,8.1
639,Mulholland Dr.,2001,7.9
640,No Man's Land,I) (2001,7.9
641,Platoon,1986,8.1
642,Once Were Warriors,1994,7.9
643,Taare Zameen Par,2007,8.3
644,Die Br�cke,1959,8
645,Spartacus,1960,7.9
646,In the Name of the Father,1993,8.1
647,The Truman Show,1998,8.2
648,Hombre mirando al sudeste,1986,7.6
649,Mr. Smith Goes to Washington,1939,8.1
650,Iron Man,2008,7.9
651,Nueve reinas,2000,7.9
652,The Day the Earth Stood Still,1951,7.7
653,What Ever Happened to Baby Jane?,1962,8
654,42 Up,1998 TV Movie,8.2
655,Casino Royale,2006,8
656,The Insider,1999,7.8
657,Cat on a Hot Tin Roof,1958,7.9
658,Of Mice and Men,1939,7.8
659,Green Book,2018,8.2
660,Le Plaisir,1952,7.6
661,Black Swan,2010,8
662,The Quiet Man,1952,7.7
663,Hor�c� ker,2013,7.8
664,Die Nibelungen: Siegfried,1924,8.1
665,Crimes and Misdemeanors,1989,7.8
666,Lat sau san taam,1992,7.7
667,Opening Night,1977,7.9
668,Halloween,1978,7.7
669,Fantasia,1940,7.7
670,Evil Dead II,1987,7.7
671,Victim,1961,7.7
672,Seven Days in May,1964,7.8
673,Le fabuleux destin d'Am�lie Poulain,2001,8.3
674,Kono sekai no katasumi ni,2016,7.8
675,3 Women,1977,7.7
676,Le pass�,2013,7.7
677,Madeo,2009,7.7
678,Bloody Sunday,2002,7.6
679,This Is England,2006,7.7
680,Glory,1989,7.8
681,Twelve O'Clock High,1949,7.7
682,Les demoiselles de Rochefort,1967,7.7
683,After the Thin Man,1936,7.6
684,All That Money Can Buy,1941,7.6
685,Sanatorium pod Klepsydra,1973,7.5
686,Drive,I) (2011,7.8
687,Mishima: A Life in Four Chapters,1985,7.9
688,Le souffle au coeur,1971,7.5
689,"I, Daniel Blake",2016,7.8
690,Auf der anderen Seite,2007,7.7
691,Breaking Away,1979,7.7
692,Kurenai no buta,1992,7.7
693,Wait Until Dark,1967,7.7
694,Mamma Roma,1962,7.8
695,Gun Crazy,1950,7.6
696,The Thief of Bagdad,1924,7.7
697,Lost in Translation,2003,7.7
698,Ying xiong,2002,7.9
699,Sense and Sensibility,1995,7.7
700,Nightmare Alley,1947,7.7
701,Mononoke-hime,1997,8.3
702,3 Idiots,2009,8.4
703,Dangal,2016,8.3
704,Koyaanisqatsi,1982,8.2
705,Full Metal Jacket,1987,8.3
706,Kis Uykusu,2014,8
707,35 Up,1991 TV Movie,8.1
708,Good Will Hunting,1997,8.3
709,El secreto de sus ojos,2009,8.2
710,Rang De Basanti,2006,8.1
711,Bacheha-Ye aseman,1997,8.2
712,The Elephant Man,1980,8.2
713,The Browning Version,1951,8.1
714,Lakposhtha parvaz mikonand,2004,8
715,Hotel Rwanda,2004,8.1
716,How to Train Your Dragon,2010,8.1
717,"Now, Voyager",1942,7.9
718,The Shining,1980,8.4
719,Gone Girl,2014,8.1
720,Salinui chueok,2003,8.1
721,Durak,II) (2014,8
722,Biruma no tategoto,1956,8
723,Stand by Me,1986,8.1
724,American Beauty,1999,8.3
725,The Nightmare Before Christmas,1993,7.9
726,"Monsters, Inc.",2001,8.1
727,The Miracle Worker,1962,8.1
728,Leonard Cohen: Live at the Isle of Wight 1970,2009,8.3
729,C'eravamo tanto amati,1974,8
730,Babam ve Oglum,2005,8.2
731,Life of Brian,1979,8
732,Once Upon a Time in... Hollywood,2019,7.6
733,Elmer Gantry,1960,7.7
734,Intolerance: Love's Struggle Throughout the Ages,1916,7.7
735,Tanin no kao,1966,7.9
736,The Avengers,2012,8
737,The Graduate,1967,8
738,Million Dollar Baby,2004,8.1
739,Mulholland Dr.,2001,7.9
740,No Man's Land,I) (2001,7.9
741,Platoon,1986,8.1
742,Once Were Warriors,1994,7.9
743,Taare Zameen Par,2007,8.3
744,Die Br�cke,1959,8
745,Spartacus,1960,7.9
746,In the Name of the Father,1993,8.1
747,The Truman Show,1998,8.2
748,Hombre mirando al sudeste,1986,7.6
749,Mr. Smith Goes to Washington,1939,8.1
750,Iron Man,2008,7.9
751,Nueve reinas,2000,7.9
752,The Day the Earth Stood Still,1951,7.7
753,What Ever Happened to Baby Jane?,1962,8
754,42 Up,1998 TV Movie,8.2
755,Casino Royale,2006,8
756,The Insider,1999,7.8
757,Cat on a Hot Tin Roof,1958,7.9
758,Of Mice and Men,1939,7.8
759,Green Book,2018,8.2
760,Le Plaisir,1952,7.6
761,Black Swan,2010,8
762,The Quiet Man,1952,7.7
763,Hor�c� ker,2013,7.8
764,Die Nibelungen: Siegfried,1924,8.1
765,Crimes and Misdemeanors,1989,7.8
766,Lat sau san taam,1992,7.7
767,Opening Night,1977,7.9
768,Halloween,1978,7.7
769,Fantasia,1940,7.7
770,Evil Dead II,1987,7.7
771,Victim,1961,7.7
772,Seven Days in May,1964,7.8
773,Le fabuleux destin d'Am�lie Poulain,2001,8.3
774,Kono sekai no katasumi ni,2016,7.8
775,3 Women,1977,7.7
776,Le pass�,2013,7.7
777,Madeo,2009,7.7
778,Bloody Sunday,2002,7.6
779,This Is England,2006,7.7
780,Glory,1989,7.8
781,Twelve O'Clock High,1949,7.7
782,Les demoiselles de Rochefort,1967,7.7
783,After the Thin Man,1936,7.6
784,All That Money Can Buy,1941,7.6
785,Sanatorium pod Klepsydra,1973,7.5
786,Drive,I) (2011,7.8
787,Mishima: A Life in Four Chapters,1985,7.9
788,Le souffle au coeur,1971,7.5
789,"I, Daniel Blake",2016,7.8
790,Auf der anderen Seite,2007,7.7
791,Breaking Away,1979,7.7
792,Kurenai no buta,1992,7.7
793,Wait Until Dark,1967,7.7
794,Mamma Roma,1962,7.8
795,Gun Crazy,1950,7.6
796,The Thief of Bagdad,1924,7.7
797,Lost in Translation,2003,7.7
798,Ying xiong,2002,7.9
799,Sense and Sensibility,1995,7.7
800,Nightmare Alley,1947,7.7
801,Mononoke-hime,1997,8.3
802,3 Idiots,2009,8.4
803,Dangal,2016,8.3
804,Koyaanisqatsi,1982,8.2
805,Full Metal Jacket,1987,8.3
806,Kis Uykusu,2014,8
807,35 Up,1991 TV Movie,8.1
808,Good Will Hunting,1997,8.3
809,El secreto de sus ojos,2009,8.2
810,Rang De Basanti,2006,8.1
811,Bacheha-Ye aseman,1997,8.2
812,The Elephant Man,1980,8.2
813,The Browning Version,1951,8.1
814,Lakposhtha parvaz mikonand,2004,8
815,Hotel Rwanda,2004,8.1
816,How to Train Your Dragon,2010,8.1
817,"Now, Voyager",1942,7.9
818,The Shining,1980,8.4
819,Gone Girl,2014,8.1
820,Salinui chueok,2003,8.1
821,Durak,II) (2014,8
822,Biruma no tategoto,1956,8
823,Stand by Me,1986,8.1
824,American Beauty,1999,8.3
825,The Nightmare Before Christmas,1993,7.9
826,"Monsters, Inc.",2001,8.1
827,The Miracle Worker,1962,8.1
828,Leonard Cohen: Live at the Isle of Wight 1970,2009,8.3
829,C'eravamo tanto amati,1974,8
830,Babam ve Oglum,2005,8.2
831,Life of Brian,1979,8
832,Once Upon a Time in... Hollywood,2019,7.6
833,Elmer Gantry,1960,7.7
834,Intolerance: Love's Struggle Throughout the Ages,1916,7.7
835,Tanin no kao,1966,7.9
836,The Avengers,2012,8
837,The Graduate,1967,8
838,Million Dollar Baby,2004,8.1
839,Mulholland Dr.,2001,7.9
840,No Man's Land,I) (2001,7.9
841,Platoon,1986,8.1
842,Once Were Warriors,1994,7.9
843,Taare Zameen Par,2007,8.3
844,Die Br�cke,1959,8
845,Spartacus,1960,7.9
846,In the Name of the Father,1993,8.1
847,The Truman Show,1998,8.2
848,Hombre mirando al sudeste,1986,7.6
849,Mr. Smith Goes to Washington,1939,8.1
850,Iron Man,2008,7.9
851,Nueve reinas,2000,7.9
852,The Day the Earth Stood Still,1951,7.7
853,What Ever Happened to Baby Jane?,1962,8
854,42 Up,1998 TV Movie,8.2
855,Casino Royale,2006,8
856,The Insider,1999,7.8
857,Cat on a Hot Tin Roof,1958,7.9
858,Of Mice and Men,1939,7.8
859,Green Book,2018,8.2
860,Le Plaisir,1952,7.6
861,Black Swan,2010,8
862,The Quiet Man,1952,7.7
863,Hor�c� ker,2013,7.8
864,Die Nibelungen: Siegfried,1924,8.1
865,Crimes and Misdemeanors,1989,7.8
866,Lat sau san taam,1992,7.7
867,Opening Night,1977,7.9
868,Halloween,1978,7.7
869,Fantasia,1940,7.7
870,Evil Dead II,1987,7.7
871,Victim,1961,7.7
872,Seven Days in May,1964,7.8
873,Le fabuleux destin d'Am�lie Poulain,2001,8.3
874,Kono sekai no katasumi ni,2016,7.8
875,3 Women,1977,7.7
876,Le pass�,2013,7.7
877,Madeo,2009,7.7
878,Bloody Sunday,2002,7.6
879,This Is England,2006,7.7
880,Glory,1989,7.8
881,Twelve O'Clock High,1949,7.7
882,Les demoiselles de Rochefort,1967,7.7
883,After the Thin Man,1936,7.6
884,All That Money Can Buy,1941,7.6
885,Sanatorium pod Klepsydra,1973,7.5
886,Drive,I) (2011,7.8
887,Mishima: A Life in Four Chapters,1985,7.9
888,Le souffle au coeur,1971,7.5
889,"I, Daniel Blake",2016,7.8
890,Auf der anderen Seite,2007,7.7
891,Breaking Away,1979,7.7
892,Kurenai no buta,1992,7.7
893,Wait Until Dark,1967,7.7
894,Mamma Roma,1962,7.8
895,Gun Crazy,1950,7.6
896,The Thief of Bagdad,1924,7.7
897,Lost in Translation,2003,7.7
898,Ying xiong,2002,7.9
899,Sense and Sensibility,1995,7.7
900,Nightmare Alley,1947,7.7
901,Mononoke-hime,1997,8.3
902,3 Idiots,2009,8.4
903,Dangal,2016,8.3
904,Koyaanisqatsi,1982,8.2
905,Full Metal Jacket,1987,8.3
906,Kis Uykusu,2014,8
907,35 Up,1991 TV Movie,8.1
908,Good Will Hunting,1997,8.3
909,El secreto de sus ojos,2009,8.2
910,Rang De Basanti,2006,8.1
911,Bacheha-Ye aseman,1997,8.2
912,The Elephant Man,1980,8.2
913,The Browning Version,1951,8.1
914,Lakposhtha parvaz mikonand,2004,8
915,Hotel Rwanda,2004,8.1
916,How to Train Your Dragon,2010,8.1
917,"Now, Voyager",1942,7.9
918,The Shining,1980,8.4
919,Gone Girl,2014,8.1
920,Salinui chueok,2003,8.1
921,Durak,II) (2014,8
922,Biruma no tategoto,1956,8
923,Stand by Me,1986,8.1
924,American Beauty,1999,8.3
925,The Nightmare Before Christmas,1993,7.9
926,"Monsters, Inc.",2001,8.1
927,The Miracle Worker,1962,8.1
928,Leonard Cohen: Live at the Isle of Wight 1970,2009,8.3
929,C'eravamo tanto amati,1974,8
930,Babam ve Oglum,2005,8.2
931,Life of Brian,1979,8
932,Once Upon a Time in... Hollywood,2019,7.6
933,Elmer Gantry,1960,7.7
934,Intolerance: Love's Struggle Throughout the Ages,1916,7.7
935,Tanin no kao,1966,7.9
936,The Avengers,2012,8
937,The Graduate,1967,8
938,Million Dollar Baby,2004,8.1
939,Mulholland Dr.,2001,7.9
940,No Man's Land,I) (2001,7.9
941,Platoon,1986,8.1
942,Once Were Warriors,1994,7.9
943,Taare Zameen Par,2007,8.3
944,Die Br�cke,1959,8
945,Spartacus,1960,7.9
946,In the Name of the Father,1993,8.1
947,The Truman Show,1998,8.2
948,Hombre mirando al sudeste,1986,7.6
949,Mr. Smith Goes to Washington,1939,8.1
950,Iron Man,2008,7.9
951,Nueve reinas,2000,7.9
952,The Day the Earth Stood Still,1951,7.7
953,What Ever Happened to Baby Jane?,1962,8
954,42 Up,1998 TV Movie,8.2
955,Casino Royale,2006,8
956,The Insider,1999,7.8
957,Cat on a Hot Tin Roof,1958,7.9
958,Of Mice and Men,1939,7.8
959,Green Book,2018,8.2
960,Le Plaisir,1952,7.6
961,Black Swan,2010,8
962,The Quiet Man,1952,7.7
963,Hor�c� ker,2013,7.8
964,Die Nibelungen: Siegfried,1924,8.1
965,Crimes and Misdemeanors,1989,7.8
966,Lat sau san taam,1992,7.7
967,Opening Night,1977,7.9
968,Halloween,1978,7.7
969,Fantasia,1940,7.7
970,Evil Dead II,1987,7.7
971,Victim,1961,7.7
972,Seven Days in May,1964,7.8
973,Le fabuleux destin d'Am�lie Poulain,2001,8.3
974,Kono sekai no katasumi ni,2016,7.8
975,3 Women,1977,7.7
976,Le pass�,2013,7.7
977,Madeo,2009,7.7
978,Bloody Sunday,2002,7.6
979,This Is England,2006,7.7
980,Glory,1989,7.8
981,Twelve O'Clock High,1949,7.7
982,Les demoiselles de Rochefort,1967,7.7
983,After the Thin Man,1936,7.6
984,All That Money Can Buy,1941,7.6
985,Sanatorium pod Klepsydra,1973,7.5
986,Drive,I) (2011,7.8
987,Mishima: A Life in Four Chapters,1985,7.9
988,Le souffle au coeur,1971,7.5
989,"I, Daniel Blake",2016,7.8
990,Auf der anderen Seite,2007,7.7
991,Breaking Away,1979,7.7
992,Kurenai no buta,1992,7.7
993,Wait Until Dark,1967,7.7
994,Mamma Roma,1962,7.8
995,Gun Crazy,1950,7.6
996,The Thief of Bagdad,1924,7.7
997,Lost in Translation,2003,7.7
998,Ying xiong,2002,7.9
999,Sense and Sensibility,1995,7.7
1000,Nightmare Alley,1947,7.7
